insert into user_info (id, email, username, password, avatar) values (1, 'mtooker0@icq.com', 'Monique Tooker', 'UBq4RNbQEv', 'http://dummyimage.com/237x212.jpg/ff4444/ffffff');
insert into user_info (id, email, username, password, avatar) values (2, 'backrill1@flavors.me', 'Bale Ackrill', 'e2VZ0BbZY', 'http://dummyimage.com/123x228.jpg/cc0000/ffffff');
insert into user_info (id, email, username, password, avatar) values (3, 'jjozef2@google.it', 'Jodie Jozef', '6qjNmzEhK', 'http://dummyimage.com/129x137.png/cc0000/ffffff');
insert into user_info (id, email, username, password, avatar) values (4, 'kgyde3@reddit.com', 'Kyrstin Gyde', 'IGrJqqJa', 'http://dummyimage.com/195x183.jpg/ff4444/ffffff');
insert into user_info (id, email, username, password, avatar) values (5, 'pdinsey4@umn.edu', 'Patty Dinsey', 'dNCjsrc', 'http://dummyimage.com/249x147.png/ff4444/ffffff');
insert into user_info (id, email, username, password, avatar) values (6, 'cbednall5@blogger.com', 'Charyl Bednall', 'TFf8w8Yl0g', 'http://dummyimage.com/206x227.png/dddddd/000000');
insert into user_info (id, email, username, password, avatar) values (7, 'mlindeman6@un.org', 'Maximo Lindeman', 'yaD2vspEbv', 'http://dummyimage.com/109x236.png/ff4444/ffffff');
insert into user_info (id, email, username, password, avatar) values (8, 'rbowring7@yale.edu', 'Ryun Bowring', '8wDEBXR6lyek', 'http://dummyimage.com/156x175.png/5fa2dd/ffffff');
insert into user_info (id, email, username, password, avatar) values (9, 'npinnock8@constantcontact.com', 'Nicoline Pinnock', '2OqqsnWxQk', 'http://dummyimage.com/155x145.jpg/ff4444/ffffff');
insert into user_info (id, email, username, password, avatar) values (10, 'rhantusch9@virginia.edu', 'Ruthie Hantusch', 'um7B4Wl3deyA', 'http://dummyimage.com/229x228.bmp/ff4444/ffffff');
insert into income_info (id, userid, placename, hourrate) values (1, 1, 'Chesapeake Energy Corporation', '$15.67');
insert into income_info (id, userid, placename, hourrate) values (2, 2, 'PIMCO California Municipal Income Fund III', '$18.14');
insert into income_info (id, userid, placename, hourrate) values (3, 3, 'Baozun Inc.', '$18.45');
insert into income_info (id, userid, placename, hourrate) values (4, 4, 'Westar Energy, Inc.', '$18.28');
insert into income_info (id, userid, placename, hourrate) values (5, 5, 'American National Bankshares, Inc.', '$16.82');
insert into income_info (id, userid, placename, hourrate) values (6, 6, 'Vanguard Emerging Markets Government Bond ETF', '$18.20');
insert into income_info (id, userid, placename, hourrate) values (7, 7, 'First Trust NASDAQ Clean Edge Smart Grid Infrastructure Index ', '$18.99');
insert into income_info (id, userid, placename, hourrate) values (8, 8, 'Rio Tinto Plc', '$16.10');
insert into income_info (id, userid, placename, hourrate) values (9, 9, 'Avianca Holdings S.A.', '$17.73');
insert into income_info (id, userid, placename, hourrate) values (10, 10, 'MFA Financial, Inc.', '$15.64');
insert into time_period (id, userid, startperiod, endperiod, totalOwed, totalhours, totalearned, note) values (1, 3, '9/20/2018', '9/4/2018', '$1584.94', 26.13, '$386.50', 'Nullam sit amet turpis elementum ligula vehicula consequat. Morbi a ipsum.');
insert into time_period (id, userid, startperiod, endperiod, totalOwed, totalhours, totalearned, note) values (2, 3, '5/28/2018', '2/13/2018', '$1257.21', 31.44, '$1701.28', 'Mauris sit amet eros. Suspendisse accumsan tortor quis turpis.');
insert into time_period (id, userid, startperiod, endperiod, totalOwed, totalhours, totalearned, note) values (3, 3, '2/17/2018', '9/24/2018', '$1635.48', 19.29, '$2186.80', 'Curabitur gravida nisi at nibh.');
insert into time_period (id, userid, startperiod, endperiod, totalOwed, totalhours, totalearned, note) values (4, 3, '1/1/2019', '3/22/2018', '$2095.08', 18.65, '$1173.60', 'Fusce consequat.');
insert into time_period (id, userid, startperiod, endperiod, totalOwed, totalhours, totalearned, note) values (5, 3, '6/28/2018', '12/30/2018', '$1930.56', 18.72, '$351.01', 'Lorem ipsum dolor sit amet, consectetuer adipiscing elit. Proin risus.');
insert into time_period (id, userid, startperiod, endperiod, totalOwed, totalhours, totalearned, note) values (6, 3, '6/18/2018', '11/2/2018', '$2632.95', 20.48, '$633.78', 'In quis justo. Maecenas rhoncus aliquam lacus.');
insert into time_period (id, userid, startperiod, endperiod, totalOwed, totalhours, totalearned, note) values (7, 3, '7/11/2018', '5/27/2018', '$1033.39', 34.37, '$291.17', 'Maecenas tincidunt lacus at velit.');
insert into time_period (id, userid, startperiod, endperiod, totalOwed, totalhours, totalearned, note) values (8, 3, '7/13/2018', '9/18/2018', '$1633.17', 37.94, '$2326.50', '');
insert into time_period (id, userid, startperiod, endperiod, totalOwed, totalhours, totalearned, note) values (9, 3, '1/31/2018', '11/26/2018', '$2157.60', 24.99, '$2481.57', '');
insert into time_period (id, userid, startperiod, endperiod, totalOwed, totalhours, totalearned, note) values (10, 3, '3/22/2018', '9/20/2018', '$2668.21', 37.82, '$2630.56', '');
insert into time_period (id, userid, startperiod, endperiod, totalOwed, totalhours, totalearned, note) values (11, 2, '2/4/2018', '4/24/2018', '$1192.39', 39.96, '$1022.46', 'Maecenas pulvinar lobortis est. Phasellus sit amet erat.');
insert into time_period (id, userid, startperiod, endperiod, totalOwed, totalhours, totalearned, note) values (12, 2, '10/22/2018', '1/24/2018', '$2077.54', 18.24, '$1887.35', '');
insert into time_period (id, userid, startperiod, endperiod, totalOwed, totalhours, totalearned, note) values (13, 2, '8/3/2018', '11/10/2018', '$1896.03', 15.63, '$1145.03', '');
insert into time_period (id, userid, startperiod, endperiod, totalOwed, totalhours, totalearned, note) values (14, 2, '3/29/2018', '4/15/2018', '$1444.33', 17.59, '$1464.44', '');
insert into time_period (id, userid, startperiod, endperiod, totalOwed, totalhours, totalearned, note) values (15, 2, '5/1/2018', '5/21/2018', '$2864.42', 30.89, '$1739.90', 'Mauris enim leo, rhoncus sed, vestibulum sit amet, cursus id, turpis. Integer aliquet, massa id lobortis convallis, tortor risus dapibus augue, vel accumsan tellus nisi eu orci.');
insert into time_period (id, userid, startperiod, endperiod, totalOwed, totalhours, totalearned, note) values (16, 2, '10/16/2018', '11/13/2018', '$1125.28', 12.23, '$349.72', '');
insert into time_period (id, userid, startperiod, endperiod, totalOwed, totalhours, totalearned, note) values (17, 2, '1/20/2018', '1/12/2019', '$2346.63', 31.87, '$2421.03', 'Nulla mollis molestie lorem.');
insert into time_period (id, userid, startperiod, endperiod, totalOwed, totalhours, totalearned, note) values (18, 2, '1/30/2018', '9/4/2018', '$1336.86', 26.01, '$2999.28', 'Etiam faucibus cursus urna.');
insert into time_period (id, userid, startperiod, endperiod, totalOwed, totalhours, totalearned, note) values (19, 2, '6/21/2018', '4/18/2018', '$1430.90', 10.35, '$1219.97', 'Morbi non lectus. Aliquam sit amet diam in magna bibendum imperdiet.');
insert into time_period (id, userid, startperiod, endperiod, totalOwed, totalhours, totalearned, note) values (20, 2, '2/18/2018', '11/2/2018', '$1560.98', 21.03, '$1549.67', '');
insert into time_period (id, userid, startperiod, endperiod, totalOwed, totalhours, totalearned, note) values (21, 1, '4/26/2018', '6/15/2018', '$2399.94', 32.01, '$1153.61', 'Nulla mollis molestie lorem.');
insert into time_period (id, userid, startperiod, endperiod, totalOwed, totalhours, totalearned, note) values (22, 1, '10/2/2018', '3/12/2018', '$1026.15', 28.63, '$1533.85', '');
insert into time_period (id, userid, startperiod, endperiod, totalOwed, totalhours, totalearned, note) values (23, 1, '7/10/2018', '10/29/2018', '$1124.15', 21.48, '$1838.62', 'Duis ac nibh.');
insert into time_period (id, userid, startperiod, endperiod, totalOwed, totalhours, totalearned, note) values (24, 1, '6/20/2018', '6/20/2018', '$2640.24', 26.55, '$1855.98', 'Nullam varius. Nulla facilisi.');
insert into time_period (id, userid, startperiod, endperiod, totalOwed, totalhours, totalearned, note) values (25, 1, '12/11/2018', '1/22/2018', '$1571.46', 33.61, '$2689.32', 'Integer ac leo. Pellentesque ultrices mattis odio.');
insert into time_period (id, userid, startperiod, endperiod, totalOwed, totalhours, totalearned, note) values (26, 1, '7/4/2018', '8/27/2018', '$2385.85', 20.8, '$714.69', 'Cum sociis natoque penatibus et magnis dis parturient montes, nascetur ridiculus mus.');
insert into time_period (id, userid, startperiod, endperiod, totalOwed, totalhours, totalearned, note) values (27, 1, '8/3/2018', '4/6/2018', '$2962.31', 35.92, '$2363.91', 'Vestibulum quam sapien, varius ut, blandit non, interdum in, ante. Vestibulum ante ipsum primis in faucibus orci luctus et ultrices posuere cubilia Curae; Duis faucibus accumsan odio.');
insert into time_period (id, userid, startperiod, endperiod, totalOwed, totalhours, totalearned, note) values (28, 1, '12/31/2018', '10/15/2018', '$2781.86', 14.27, '$2404.96', 'Donec dapibus.');
insert into time_period (id, userid, startperiod, endperiod, totalOwed, totalhours, totalearned, note) values (29, 1, '4/20/2018', '3/9/2018', '$2645.18', 23.09, '$474.24', 'Morbi a ipsum. Integer a nibh.');
insert into time_period (id, userid, startperiod, endperiod, totalOwed, totalhours, totalearned, note) values (30, 1, '12/15/2018', '8/31/2018', '$2745.36', 32.79, '$334.11', '');
insert into daily_tracker (id, userid, periodid, totalsales, tipout, cashowed, hours, note) values (1, 3, 4, '$1656.51', '$140.73', '$241.61', 4, 'Fusce lacus purus, aliquet at, feugiat non, pretium quis, lectus. Suspendisse potenti.');
insert into daily_tracker (id, userid, periodid, totalsales, tipout, cashowed, hours, note) values (2, 3, 10, '$1233.17', '$138.79', '$210.64', 8, 'Nulla tempus.');
insert into daily_tracker (id, userid, periodid, totalsales, tipout, cashowed, hours, note) values (3, 3, 6, '$1975.38', '$117.29', '$144.51', 10, 'Pellentesque at nulla. Suspendisse potenti.');
insert into daily_tracker (id, userid, periodid, totalsales, tipout, cashowed, hours, note) values (4, 3, 4, '$1746.31', '$154.40', '$208.67', 3, 'Lorem ipsum dolor sit amet, consectetuer adipiscing elit. Proin risus.');
insert into daily_tracker (id, userid, periodid, totalsales, tipout, cashowed, hours, note) values (5, 3, 4, '$1146.08', '$159.81', '$148.32', 9, 'Aliquam augue quam, sollicitudin vitae, consectetuer eget, rutrum at, lorem.');
insert into daily_tracker (id, userid, periodid, totalsales, tipout, cashowed, hours, note) values (6, 3, 10, '$2750.82', '$178.31', '$168.68', 8, 'In hac habitasse platea dictumst.');
insert into daily_tracker (id, userid, periodid, totalsales, tipout, cashowed, hours, note) values (7, 3, 9, '$2350.88', '$95.31', '$264.44', 8, 'Nunc nisl. Duis bibendum, felis sed interdum venenatis, turpis enim blandit mi, in porttitor pede justo eu massa.');
insert into daily_tracker (id, userid, periodid, totalsales, tipout, cashowed, hours, note) values (8, 3, 2, '$2734.75', '$135.99', '$251.37', 3, 'In blandit ultrices enim. Lorem ipsum dolor sit amet, consectetuer adipiscing elit.');
insert into daily_tracker (id, userid, periodid, totalsales, tipout, cashowed, hours, note) values (9, 3, 9, '$1363.72', '$88.40', '$258.96', 8, 'Vivamus vestibulum sagittis sapien. Cum sociis natoque penatibus et magnis dis parturient montes, nascetur ridiculus mus.');
insert into daily_tracker (id, userid, periodid, totalsales, tipout, cashowed, hours, note) values (10, 3, 9, '$1584.25', '$95.11', '$161.52', 5, 'In tempor, turpis nec euismod scelerisque, quam turpis adipiscing lorem, vitae mattis nibh ligula nec sem. Duis aliquam convallis nunc.');
insert into daily_tracker (id, userid, periodid, totalsales, tipout, cashowed, hours, note) values (11, 3, 9, '$2604.86', '$158.89', '$292.39', 1, 'In tempor, turpis nec euismod scelerisque, quam turpis adipiscing lorem, vitae mattis nibh ligula nec sem.');
insert into daily_tracker (id, userid, periodid, totalsales, tipout, cashowed, hours, note) values (12, 3, 3, '$1146.82', '$161.57', '$242.96', 10, 'Nullam sit amet turpis elementum ligula vehicula consequat.');
insert into daily_tracker (id, userid, periodid, totalsales, tipout, cashowed, hours, note) values (13, 3, 2, '$1009.30', '$177.97', '$287.95', 7, 'Integer aliquet, massa id lobortis convallis, tortor risus dapibus augue, vel accumsan tellus nisi eu orci. Mauris lacinia sapien quis libero.');
insert into daily_tracker (id, userid, periodid, totalsales, tipout, cashowed, hours, note) values (14, 3, 6, '$2595.87', '$185.77', '$157.10', 6, 'Donec odio justo, sollicitudin ut, suscipit a, feugiat et, eros.');
insert into daily_tracker (id, userid, periodid, totalsales, tipout, cashowed, hours, note) values (15, 3, 9, '$2213.75', '$144.41', '$154.79', 6, 'Nunc rhoncus dui vel sem. Sed sagittis.');
insert into daily_tracker (id, userid, periodid, totalsales, tipout, cashowed, hours, note) values (16, 3, 9, '$2190.81', '$187.11', '$107.27', 8, 'Praesent blandit. Nam nulla.');
insert into daily_tracker (id, userid, periodid, totalsales, tipout, cashowed, hours, note) values (17, 3, 10, '$2255.85', '$135.96', '$258.32', 4, 'In hac habitasse platea dictumst.');
insert into daily_tracker (id, userid, periodid, totalsales, tipout, cashowed, hours, note) values (18, 3, 7, '$1555.37', '$137.76', '$220.85', 4, 'Donec dapibus. Duis at velit eu est congue elementum.');
insert into daily_tracker (id, userid, periodid, totalsales, tipout, cashowed, hours, note) values (19, 3, 3, '$2516.15', '$139.78', '$160.77', 8, 'Fusce consequat. Nulla nisl.');
insert into daily_tracker (id, userid, periodid, totalsales, tipout, cashowed, hours, note) values (20, 3, 7, '$1162.73', '$113.65', '$133.18', 10, 'Integer ac leo. Pellentesque ultrices mattis odio.');
insert into daily_tracker (id, userid, periodid, totalsales, tipout, cashowed, hours, note) values (21, 3, 1, '$2325.75', '$142.62', '$221.14', 8, 'In blandit ultrices enim. Lorem ipsum dolor sit amet, consectetuer adipiscing elit.');
insert into daily_tracker (id, userid, periodid, totalsales, tipout, cashowed, hours, note) values (22, 3, 8, '$2149.69', '$149.08', '$117.53', 7, 'Ut tellus.');
insert into daily_tracker (id, userid, periodid, totalsales, tipout, cashowed, hours, note) values (23, 3, 9, '$1627.49', '$171.81', '$189.13', 2, 'Curabitur at ipsum ac tellus semper interdum.');
insert into daily_tracker (id, userid, periodid, totalsales, tipout, cashowed, hours, note) values (24, 3, 5, '$1635.56', '$173.94', '$175.27', 5, 'Nullam porttitor lacus at turpis. Donec posuere metus vitae ipsum.');
insert into daily_tracker (id, userid, periodid, totalsales, tipout, cashowed, hours, note) values (25, 3, 4, '$1097.66', '$131.74', '$299.32', 1, 'Vivamus in felis eu sapien cursus vestibulum.');
insert into daily_tracker (id, userid, periodid, totalsales, tipout, cashowed, hours, note) values (26, 3, 8, '$2939.69', '$112.87', '$128.78', 7, 'Fusce congue, diam id ornare imperdiet, sapien urna pretium nisl, ut volutpat sapien arcu sed augue. Aliquam erat volutpat.');
insert into daily_tracker (id, userid, periodid, totalsales, tipout, cashowed, hours, note) values (27, 3, 8, '$1054.74', '$96.55', '$122.71', 8, 'Vivamus metus arcu, adipiscing molestie, hendrerit at, vulputate vitae, nisl. Aenean lectus.');
insert into daily_tracker (id, userid, periodid, totalsales, tipout, cashowed, hours, note) values (28, 3, 8, '$2349.66', '$175.66', '$188.58', 8, 'Nam nulla. Integer pede justo, lacinia eget, tincidunt eget, tempus vel, pede.');
insert into daily_tracker (id, userid, periodid, totalsales, tipout, cashowed, hours, note) values (29, 3, 10, '$1622.34', '$137.33', '$171.14', 3, 'Pellentesque at nulla. Suspendisse potenti.');
insert into daily_tracker (id, userid, periodid, totalsales, tipout, cashowed, hours, note) values (30, 3, 1, '$2654.10', '$174.42', '$229.00', 1, 'Nunc nisl. Duis bibendum, felis sed interdum venenatis, turpis enim blandit mi, in porttitor pede justo eu massa.');
insert into daily_tracker (id, userid, periodid, totalsales, tipout, cashowed, hours, note) values (31, 3, 6, '$2161.33', '$148.22', '$210.98', 8, 'Nam ultrices, libero non mattis pulvinar, nulla pede ullamcorper augue, a suscipit nulla elit ac nulla.');
insert into daily_tracker (id, userid, periodid, totalsales, tipout, cashowed, hours, note) values (32, 3, 9, '$1144.42', '$135.37', '$178.99', 6, 'In tempor, turpis nec euismod scelerisque, quam turpis adipiscing lorem, vitae mattis nibh ligula nec sem.');
insert into daily_tracker (id, userid, periodid, totalsales, tipout, cashowed, hours, note) values (33, 3, 8, '$2250.87', '$186.41', '$282.80', 5, 'Suspendisse accumsan tortor quis turpis. Sed ante.');
insert into daily_tracker (id, userid, periodid, totalsales, tipout, cashowed, hours, note) values (34, 3, 9, '$1567.85', '$164.92', '$126.90', 1, 'Etiam justo.');
insert into daily_tracker (id, userid, periodid, totalsales, tipout, cashowed, hours, note) values (35, 3, 4, '$1961.16', '$160.01', '$196.87', 10, 'In blandit ultrices enim.');
insert into daily_tracker (id, userid, periodid, totalsales, tipout, cashowed, hours, note) values (36, 3, 6, '$2576.22', '$186.26', '$189.73', 7, 'Aliquam erat volutpat.');
insert into daily_tracker (id, userid, periodid, totalsales, tipout, cashowed, hours, note) values (37, 3, 8, '$2958.66', '$96.24', '$232.87', 2, 'Donec ut dolor.');
insert into daily_tracker (id, userid, periodid, totalsales, tipout, cashowed, hours, note) values (38, 3, 2, '$1954.22', '$96.44', '$102.79', 4, 'Etiam justo. Etiam pretium iaculis justo.');
insert into daily_tracker (id, userid, periodid, totalsales, tipout, cashowed, hours, note) values (39, 3, 9, '$2364.99', '$192.70', '$278.37', 10, 'Donec semper sapien a libero.');
insert into daily_tracker (id, userid, periodid, totalsales, tipout, cashowed, hours, note) values (40, 3, 10, '$1663.05', '$197.40', '$225.87', 4, 'Aliquam erat volutpat.');
insert into daily_tracker (id, userid, periodid, totalsales, tipout, cashowed, hours, note) values (41, 3, 9, '$2529.30', '$178.27', '$296.94', 10, 'Morbi sem mauris, laoreet ut, rhoncus aliquet, pulvinar sed, nisl. Nunc rhoncus dui vel sem.');
insert into daily_tracker (id, userid, periodid, totalsales, tipout, cashowed, hours, note) values (42, 3, 3, '$2645.37', '$152.82', '$293.23', 1, 'Nulla facilisi. Cras non velit nec nisi vulputate nonummy.');
insert into daily_tracker (id, userid, periodid, totalsales, tipout, cashowed, hours, note) values (43, 3, 4, '$1174.38', '$100.09', '$135.04', 3, 'Suspendisse potenti.');
insert into daily_tracker (id, userid, periodid, totalsales, tipout, cashowed, hours, note) values (44, 3, 6, '$1708.75', '$130.45', '$260.64', 10, 'Duis bibendum, felis sed interdum venenatis, turpis enim blandit mi, in porttitor pede justo eu massa. Donec dapibus.');
insert into daily_tracker (id, userid, periodid, totalsales, tipout, cashowed, hours, note) values (45, 3, 2, '$2252.93', '$92.33', '$286.34', 5, 'Praesent lectus.');
insert into daily_tracker (id, userid, periodid, totalsales, tipout, cashowed, hours, note) values (46, 3, 7, '$2620.17', '$189.71', '$268.46', 6, 'Vestibulum ante ipsum primis in faucibus orci luctus et ultrices posuere cubilia Curae; Duis faucibus accumsan odio. Curabitur convallis.');
insert into daily_tracker (id, userid, periodid, totalsales, tipout, cashowed, hours, note) values (47, 3, 6, '$1533.22', '$108.77', '$170.85', 9, 'In est risus, auctor sed, tristique in, tempus sit amet, sem. Fusce consequat.');
insert into daily_tracker (id, userid, periodid, totalsales, tipout, cashowed, hours, note) values (48, 3, 1, '$2500.59', '$82.35', '$179.34', 2, 'Donec diam neque, vestibulum eget, vulputate ut, ultrices vel, augue.');
insert into daily_tracker (id, userid, periodid, totalsales, tipout, cashowed, hours, note) values (49, 3, 6, '$1749.28', '$197.22', '$245.14', 4, 'Nulla mollis molestie lorem.');
insert into daily_tracker (id, userid, periodid, totalsales, tipout, cashowed, hours, note) values (50, 3, 6, '$2586.59', '$137.54', '$144.58', 7, 'Donec posuere metus vitae ipsum. Aliquam non mauris.');
insert into daily_tracker (id, userid, periodid, totalsales, tipout, cashowed, hours, note) values (51, 1, 7, '$1178.05', '$82.22', '$274.65', 9, 'Fusce lacus purus, aliquet at, feugiat non, pretium quis, lectus.');
insert into daily_tracker (id, userid, periodid, totalsales, tipout, cashowed, hours, note) values (52, 1, 2, '$1327.87', '$173.38', '$128.09', 7, 'Quisque arcu libero, rutrum ac, lobortis vel, dapibus at, diam. Nam tristique tortor eu pede.');
insert into daily_tracker (id, userid, periodid, totalsales, tipout, cashowed, hours, note) values (53, 1, 6, '$2595.78', '$122.87', '$238.96', 8, 'Vestibulum ante ipsum primis in faucibus orci luctus et ultrices posuere cubilia Curae; Nulla dapibus dolor vel est. Donec odio justo, sollicitudin ut, suscipit a, feugiat et, eros.');
insert into daily_tracker (id, userid, periodid, totalsales, tipout, cashowed, hours, note) values (54, 1, 6, '$2384.10', '$96.24', '$202.25', 5, 'Etiam vel augue. Vestibulum rutrum rutrum neque.');
insert into daily_tracker (id, userid, periodid, totalsales, tipout, cashowed, hours, note) values (55, 1, 5, '$1558.47', '$153.94', '$138.54', 1, 'Mauris lacinia sapien quis libero. Nullam sit amet turpis elementum ligula vehicula consequat.');
insert into daily_tracker (id, userid, periodid, totalsales, tipout, cashowed, hours, note) values (56, 1, 5, '$1758.70', '$132.85', '$103.19', 8, 'Suspendisse potenti. Cras in purus eu magna vulputate luctus.');
insert into daily_tracker (id, userid, periodid, totalsales, tipout, cashowed, hours, note) values (57, 1, 10, '$1682.19', '$113.41', '$227.12', 4, 'Duis at velit eu est congue elementum. In hac habitasse platea dictumst.');
insert into daily_tracker (id, userid, periodid, totalsales, tipout, cashowed, hours, note) values (58, 1, 4, '$1325.04', '$86.76', '$116.66', 5, 'Cras pellentesque volutpat dui.');
insert into daily_tracker (id, userid, periodid, totalsales, tipout, cashowed, hours, note) values (59, 1, 1, '$2987.04', '$139.60', '$104.08', 9, 'Nam dui.');
insert into daily_tracker (id, userid, periodid, totalsales, tipout, cashowed, hours, note) values (60, 1, 8, '$2746.50', '$110.16', '$211.39', 9, 'Suspendisse ornare consequat lectus. In est risus, auctor sed, tristique in, tempus sit amet, sem.');
insert into daily_tracker (id, userid, periodid, totalsales, tipout, cashowed, hours, note) values (61, 1, 7, '$1722.83', '$174.98', '$249.29', 7, 'Donec ut mauris eget massa tempor convallis.');
insert into daily_tracker (id, userid, periodid, totalsales, tipout, cashowed, hours, note) values (62, 1, 9, '$1973.18', '$125.29', '$109.53', 2, 'Proin leo odio, porttitor id, consequat in, consequat ut, nulla. Sed accumsan felis.');
insert into daily_tracker (id, userid, periodid, totalsales, tipout, cashowed, hours, note) values (63, 1, 9, '$1320.39', '$100.94', '$164.60', 2, 'Aenean sit amet justo.');
insert into daily_tracker (id, userid, periodid, totalsales, tipout, cashowed, hours, note) values (64, 1, 8, '$1695.95', '$174.02', '$231.21', 1, 'Nunc purus. Phasellus in felis.');
insert into daily_tracker (id, userid, periodid, totalsales, tipout, cashowed, hours, note) values (65, 1, 2, '$1688.70', '$107.61', '$155.84', 1, 'Donec ut mauris eget massa tempor convallis. Nulla neque libero, convallis eget, eleifend luctus, ultricies eu, nibh.');
insert into daily_tracker (id, userid, periodid, totalsales, tipout, cashowed, hours, note) values (66, 1, 8, '$1441.06', '$191.95', '$286.05', 3, 'Vestibulum ac est lacinia nisi venenatis tristique. Fusce congue, diam id ornare imperdiet, sapien urna pretium nisl, ut volutpat sapien arcu sed augue.');
insert into daily_tracker (id, userid, periodid, totalsales, tipout, cashowed, hours, note) values (67, 1, 7, '$2360.38', '$170.76', '$182.46', 9, 'Maecenas rhoncus aliquam lacus. Morbi quis tortor id nulla ultrices aliquet.');
insert into daily_tracker (id, userid, periodid, totalsales, tipout, cashowed, hours, note) values (68, 1, 7, '$2071.06', '$86.04', '$257.13', 5, 'Nullam varius. Nulla facilisi.');
insert into daily_tracker (id, userid, periodid, totalsales, tipout, cashowed, hours, note) values (69, 1, 9, '$2238.11', '$166.06', '$222.42', 8, 'Morbi vel lectus in quam fringilla rhoncus.');
insert into daily_tracker (id, userid, periodid, totalsales, tipout, cashowed, hours, note) values (70, 1, 2, '$1065.38', '$161.08', '$140.08', 10, 'Vivamus vestibulum sagittis sapien. Cum sociis natoque penatibus et magnis dis parturient montes, nascetur ridiculus mus.');
insert into daily_tracker (id, userid, periodid, totalsales, tipout, cashowed, hours, note) values (71, 1, 8, '$2547.11', '$152.29', '$103.94', 2, 'In hac habitasse platea dictumst. Etiam faucibus cursus urna.');
insert into daily_tracker (id, userid, periodid, totalsales, tipout, cashowed, hours, note) values (72, 1, 9, '$2567.09', '$97.91', '$200.75', 5, 'Nunc rhoncus dui vel sem. Sed sagittis.');
insert into daily_tracker (id, userid, periodid, totalsales, tipout, cashowed, hours, note) values (73, 1, 10, '$2378.22', '$83.39', '$171.54', 6, 'Sed vel enim sit amet nunc viverra dapibus.');
insert into daily_tracker (id, userid, periodid, totalsales, tipout, cashowed, hours, note) values (74, 1, 7, '$1483.92', '$166.40', '$270.89', 1, 'Praesent id massa id nisl venenatis lacinia.');
insert into daily_tracker (id, userid, periodid, totalsales, tipout, cashowed, hours, note) values (75, 1, 2, '$1005.91', '$173.14', '$144.61', 3, 'Morbi porttitor lorem id ligula. Suspendisse ornare consequat lectus.');
insert into daily_tracker (id, userid, periodid, totalsales, tipout, cashowed, hours, note) values (76, 1, 1, '$1968.89', '$132.05', '$133.68', 7, 'Pellentesque at nulla. Suspendisse potenti.');
insert into daily_tracker (id, userid, periodid, totalsales, tipout, cashowed, hours, note) values (77, 1, 1, '$2017.44', '$89.36', '$189.82', 5, 'Duis ac nibh.');
insert into daily_tracker (id, userid, periodid, totalsales, tipout, cashowed, hours, note) values (78, 1, 1, '$1444.06', '$168.47', '$173.25', 4, 'Vestibulum ante ipsum primis in faucibus orci luctus et ultrices posuere cubilia Curae; Donec pharetra, magna vestibulum aliquet ultrices, erat tortor sollicitudin mi, sit amet lobortis sapien sapien non mi.');
insert into daily_tracker (id, userid, periodid, totalsales, tipout, cashowed, hours, note) values (79, 1, 10, '$2198.79', '$90.71', '$149.54', 7, 'Aliquam quis turpis eget elit sodales scelerisque. Mauris sit amet eros.');
insert into daily_tracker (id, userid, periodid, totalsales, tipout, cashowed, hours, note) values (80, 1, 9, '$2979.07', '$139.22', '$106.29', 1, 'Fusce posuere felis sed lacus.');
insert into daily_tracker (id, userid, periodid, totalsales, tipout, cashowed, hours, note) values (81, 1, 3, '$1069.30', '$105.84', '$254.96', 7, 'Nullam porttitor lacus at turpis.');
insert into daily_tracker (id, userid, periodid, totalsales, tipout, cashowed, hours, note) values (82, 1, 7, '$2915.90', '$172.61', '$147.76', 2, 'Morbi vel lectus in quam fringilla rhoncus.');
insert into daily_tracker (id, userid, periodid, totalsales, tipout, cashowed, hours, note) values (83, 1, 6, '$1125.82', '$81.59', '$173.17', 3, 'In sagittis dui vel nisl.');
insert into daily_tracker (id, userid, periodid, totalsales, tipout, cashowed, hours, note) values (84, 1, 10, '$2311.36', '$126.17', '$108.99', 6, 'Integer a nibh.');
insert into daily_tracker (id, userid, periodid, totalsales, tipout, cashowed, hours, note) values (85, 1, 1, '$2383.14', '$195.00', '$237.09', 1, 'Aliquam sit amet diam in magna bibendum imperdiet.');
insert into daily_tracker (id, userid, periodid, totalsales, tipout, cashowed, hours, note) values (86, 1, 6, '$1827.87', '$178.01', '$133.50', 6, 'Lorem ipsum dolor sit amet, consectetuer adipiscing elit.');
insert into daily_tracker (id, userid, periodid, totalsales, tipout, cashowed, hours, note) values (87, 1, 7, '$1309.27', '$143.83', '$189.78', 8, 'Quisque id justo sit amet sapien dignissim vestibulum. Vestibulum ante ipsum primis in faucibus orci luctus et ultrices posuere cubilia Curae; Nulla dapibus dolor vel est.');
insert into daily_tracker (id, userid, periodid, totalsales, tipout, cashowed, hours, note) values (88, 1, 6, '$1794.79', '$108.66', '$192.49', 2, 'Nulla nisl.');
insert into daily_tracker (id, userid, periodid, totalsales, tipout, cashowed, hours, note) values (89, 1, 6, '$2110.38', '$113.31', '$152.18', 8, 'Aliquam quis turpis eget elit sodales scelerisque. Mauris sit amet eros.');
insert into daily_tracker (id, userid, periodid, totalsales, tipout, cashowed, hours, note) values (90, 1, 9, '$2504.81', '$146.30', '$131.40', 3, 'Fusce congue, diam id ornare imperdiet, sapien urna pretium nisl, ut volutpat sapien arcu sed augue. Aliquam erat volutpat.');
insert into daily_tracker (id, userid, periodid, totalsales, tipout, cashowed, hours, note) values (91, 1, 2, '$2057.46', '$159.07', '$164.41', 8, 'Nullam porttitor lacus at turpis.');
insert into daily_tracker (id, userid, periodid, totalsales, tipout, cashowed, hours, note) values (92, 1, 4, '$2464.38', '$127.24', '$218.37', 2, 'Praesent lectus. Vestibulum quam sapien, varius ut, blandit non, interdum in, ante.');
insert into daily_tracker (id, userid, periodid, totalsales, tipout, cashowed, hours, note) values (93, 1, 6, '$2116.33', '$145.07', '$217.83', 7, 'Vestibulum sed magna at nunc commodo placerat. Praesent blandit.');
insert into daily_tracker (id, userid, periodid, totalsales, tipout, cashowed, hours, note) values (94, 1, 8, '$1785.27', '$138.76', '$271.38', 2, 'Praesent blandit.');
insert into daily_tracker (id, userid, periodid, totalsales, tipout, cashowed, hours, note) values (95, 1, 8, '$2620.64', '$188.29', '$203.41', 9, 'Vestibulum quam sapien, varius ut, blandit non, interdum in, ante.');
insert into daily_tracker (id, userid, periodid, totalsales, tipout, cashowed, hours, note) values (96, 1, 1, '$2139.17', '$169.93', '$238.71', 5, 'Duis ac nibh.');
insert into daily_tracker (id, userid, periodid, totalsales, tipout, cashowed, hours, note) values (97, 1, 7, '$2952.89', '$172.03', '$198.08', 6, 'Integer pede justo, lacinia eget, tincidunt eget, tempus vel, pede. Morbi porttitor lorem id ligula.');
insert into daily_tracker (id, userid, periodid, totalsales, tipout, cashowed, hours, note) values (98, 1, 6, '$2362.20', '$167.15', '$257.34', 9, 'Donec dapibus. Duis at velit eu est congue elementum.');
insert into daily_tracker (id, userid, periodid, totalsales, tipout, cashowed, hours, note) values (99, 1, 3, '$2087.69', '$173.84', '$294.72', 2, 'In congue.');
insert into daily_tracker (id, userid, periodid, totalsales, tipout, cashowed, hours, note) values (100, 1, 3, '$2468.66', '$81.94', '$144.57', 6, 'Suspendisse potenti.');
insert into daily_tracker (id, userid, periodid, totalsales, tipout, cashowed, hours, note) values (101, 2, 4, '$2892.88', '$193.72', '$207.12', 2, 'In eleifend quam a odio.');
insert into daily_tracker (id, userid, periodid, totalsales, tipout, cashowed, hours, note) values (102, 2, 8, '$1469.73', '$133.56', '$114.04', 2, 'Mauris sit amet eros. Suspendisse accumsan tortor quis turpis.');
insert into daily_tracker (id, userid, periodid, totalsales, tipout, cashowed, hours, note) values (103, 2, 2, '$2588.52', '$150.27', '$248.22', 7, 'Praesent lectus.');
insert into daily_tracker (id, userid, periodid, totalsales, tipout, cashowed, hours, note) values (104, 2, 10, '$1473.08', '$171.31', '$141.93', 3, 'Integer aliquet, massa id lobortis convallis, tortor risus dapibus augue, vel accumsan tellus nisi eu orci.');
insert into daily_tracker (id, userid, periodid, totalsales, tipout, cashowed, hours, note) values (105, 2, 8, '$1621.02', '$125.81', '$185.06', 9, 'Cum sociis natoque penatibus et magnis dis parturient montes, nascetur ridiculus mus. Vivamus vestibulum sagittis sapien.');
insert into daily_tracker (id, userid, periodid, totalsales, tipout, cashowed, hours, note) values (106, 2, 3, '$1829.83', '$120.36', '$152.05', 2, 'Etiam justo.');
insert into daily_tracker (id, userid, periodid, totalsales, tipout, cashowed, hours, note) values (107, 2, 8, '$2150.00', '$161.78', '$190.93', 2, 'Nullam porttitor lacus at turpis. Donec posuere metus vitae ipsum.');
insert into daily_tracker (id, userid, periodid, totalsales, tipout, cashowed, hours, note) values (108, 2, 5, '$1640.79', '$177.66', '$133.83', 8, 'Donec ut dolor. Morbi vel lectus in quam fringilla rhoncus.');
insert into daily_tracker (id, userid, periodid, totalsales, tipout, cashowed, hours, note) values (109, 2, 1, '$2408.52', '$127.60', '$259.37', 2, 'In sagittis dui vel nisl.');
insert into daily_tracker (id, userid, periodid, totalsales, tipout, cashowed, hours, note) values (110, 2, 10, '$2622.52', '$118.65', '$295.82', 5, 'Quisque id justo sit amet sapien dignissim vestibulum. Vestibulum ante ipsum primis in faucibus orci luctus et ultrices posuere cubilia Curae; Nulla dapibus dolor vel est.');
insert into daily_tracker (id, userid, periodid, totalsales, tipout, cashowed, hours, note) values (111, 2, 5, '$1901.55', '$190.96', '$287.68', 3, 'Proin interdum mauris non ligula pellentesque ultrices. Phasellus id sapien in sapien iaculis congue.');
insert into daily_tracker (id, userid, periodid, totalsales, tipout, cashowed, hours, note) values (112, 2, 6, '$2707.80', '$80.72', '$270.31', 1, 'Maecenas ut massa quis augue luctus tincidunt. Nulla mollis molestie lorem.');
insert into daily_tracker (id, userid, periodid, totalsales, tipout, cashowed, hours, note) values (113, 2, 4, '$1775.39', '$191.49', '$177.75', 8, 'Morbi porttitor lorem id ligula. Suspendisse ornare consequat lectus.');
insert into daily_tracker (id, userid, periodid, totalsales, tipout, cashowed, hours, note) values (114, 2, 7, '$2844.15', '$94.31', '$142.64', 2, 'Morbi non quam nec dui luctus rutrum.');
insert into daily_tracker (id, userid, periodid, totalsales, tipout, cashowed, hours, note) values (115, 2, 8, '$1909.58', '$198.87', '$114.34', 2, 'Donec ut dolor. Morbi vel lectus in quam fringilla rhoncus.');
insert into daily_tracker (id, userid, periodid, totalsales, tipout, cashowed, hours, note) values (116, 2, 2, '$1026.97', '$109.01', '$173.67', 2, 'Suspendisse ornare consequat lectus. In est risus, auctor sed, tristique in, tempus sit amet, sem.');
insert into daily_tracker (id, userid, periodid, totalsales, tipout, cashowed, hours, note) values (117, 2, 2, '$2685.18', '$153.54', '$174.30', 1, 'Fusce consequat.');
insert into daily_tracker (id, userid, periodid, totalsales, tipout, cashowed, hours, note) values (118, 2, 4, '$2811.96', '$160.67', '$118.84', 10, 'Vivamus vel nulla eget eros elementum pellentesque.');
insert into daily_tracker (id, userid, periodid, totalsales, tipout, cashowed, hours, note) values (119, 2, 1, '$2060.11', '$80.47', '$127.32', 10, 'Nullam orci pede, venenatis non, sodales sed, tincidunt eu, felis. Fusce posuere felis sed lacus.');
insert into daily_tracker (id, userid, periodid, totalsales, tipout, cashowed, hours, note) values (120, 2, 1, '$1093.23', '$82.27', '$178.02', 7, 'Proin leo odio, porttitor id, consequat in, consequat ut, nulla.');
insert into daily_tracker (id, userid, periodid, totalsales, tipout, cashowed, hours, note) values (121, 2, 2, '$2514.10', '$156.80', '$104.42', 7, 'Duis bibendum, felis sed interdum venenatis, turpis enim blandit mi, in porttitor pede justo eu massa. Donec dapibus.');
insert into daily_tracker (id, userid, periodid, totalsales, tipout, cashowed, hours, note) values (122, 2, 8, '$1364.03', '$190.66', '$198.78', 5, 'Vestibulum rutrum rutrum neque.');
insert into daily_tracker (id, userid, periodid, totalsales, tipout, cashowed, hours, note) values (123, 2, 4, '$1983.98', '$134.01', '$281.62', 9, 'Mauris ullamcorper purus sit amet nulla. Quisque arcu libero, rutrum ac, lobortis vel, dapibus at, diam.');
insert into daily_tracker (id, userid, periodid, totalsales, tipout, cashowed, hours, note) values (124, 2, 6, '$1503.56', '$112.93', '$298.98', 10, 'Duis consequat dui nec nisi volutpat eleifend.');
insert into daily_tracker (id, userid, periodid, totalsales, tipout, cashowed, hours, note) values (125, 2, 7, '$1447.08', '$173.44', '$288.22', 9, 'Morbi odio odio, elementum eu, interdum eu, tincidunt in, leo. Maecenas pulvinar lobortis est.');
insert into daily_tracker (id, userid, periodid, totalsales, tipout, cashowed, hours, note) values (126, 2, 10, '$1890.02', '$119.77', '$197.81', 1, 'Nulla tellus.');
insert into daily_tracker (id, userid, periodid, totalsales, tipout, cashowed, hours, note) values (127, 2, 9, '$2178.10', '$156.25', '$157.27', 10, 'Proin eu mi.');
insert into daily_tracker (id, userid, periodid, totalsales, tipout, cashowed, hours, note) values (128, 2, 7, '$1561.75', '$116.63', '$226.82', 5, 'In quis justo.');
insert into daily_tracker (id, userid, periodid, totalsales, tipout, cashowed, hours, note) values (129, 2, 2, '$1859.63', '$87.08', '$213.28', 2, 'Nunc purus.');
insert into daily_tracker (id, userid, periodid, totalsales, tipout, cashowed, hours, note) values (130, 2, 7, '$1943.51', '$188.52', '$110.44', 6, 'Nullam orci pede, venenatis non, sodales sed, tincidunt eu, felis.');
insert into daily_tracker (id, userid, periodid, totalsales, tipout, cashowed, hours, note) values (131, 2, 1, '$1378.84', '$125.99', '$119.36', 3, 'Morbi vestibulum, velit id pretium iaculis, diam erat fermentum justo, nec condimentum neque sapien placerat ante. Nulla justo.');
insert into daily_tracker (id, userid, periodid, totalsales, tipout, cashowed, hours, note) values (132, 2, 7, '$2631.33', '$141.85', '$145.96', 6, 'Nulla ac enim. In tempor, turpis nec euismod scelerisque, quam turpis adipiscing lorem, vitae mattis nibh ligula nec sem.');
insert into daily_tracker (id, userid, periodid, totalsales, tipout, cashowed, hours, note) values (133, 2, 8, '$1767.05', '$131.73', '$235.09', 1, 'Quisque arcu libero, rutrum ac, lobortis vel, dapibus at, diam.');
insert into daily_tracker (id, userid, periodid, totalsales, tipout, cashowed, hours, note) values (134, 2, 5, '$1392.39', '$158.33', '$188.46', 10, 'Suspendisse potenti.');
insert into daily_tracker (id, userid, periodid, totalsales, tipout, cashowed, hours, note) values (135, 2, 5, '$1140.47', '$133.06', '$135.80', 4, 'Aenean auctor gravida sem.');
insert into daily_tracker (id, userid, periodid, totalsales, tipout, cashowed, hours, note) values (136, 2, 9, '$1404.95', '$119.29', '$129.45', 3, 'Cum sociis natoque penatibus et magnis dis parturient montes, nascetur ridiculus mus.');
insert into daily_tracker (id, userid, periodid, totalsales, tipout, cashowed, hours, note) values (137, 2, 1, '$1251.34', '$185.30', '$232.46', 7, 'Vivamus metus arcu, adipiscing molestie, hendrerit at, vulputate vitae, nisl. Aenean lectus.');
insert into daily_tracker (id, userid, periodid, totalsales, tipout, cashowed, hours, note) values (138, 2, 4, '$2863.70', '$137.92', '$196.74', 4, 'Donec ut dolor.');
insert into daily_tracker (id, userid, periodid, totalsales, tipout, cashowed, hours, note) values (139, 2, 8, '$2161.69', '$173.49', '$126.65', 3, 'Morbi non lectus.');
insert into daily_tracker (id, userid, periodid, totalsales, tipout, cashowed, hours, note) values (140, 2, 2, '$2480.14', '$111.14', '$149.19', 10, 'Nulla mollis molestie lorem. Quisque ut erat.');
insert into daily_tracker (id, userid, periodid, totalsales, tipout, cashowed, hours, note) values (141, 2, 3, '$2689.54', '$171.46', '$227.71', 8, 'Duis consequat dui nec nisi volutpat eleifend. Donec ut dolor.');
insert into daily_tracker (id, userid, periodid, totalsales, tipout, cashowed, hours, note) values (142, 2, 3, '$1051.25', '$110.92', '$186.93', 4, 'Praesent blandit lacinia erat.');
insert into daily_tracker (id, userid, periodid, totalsales, tipout, cashowed, hours, note) values (143, 2, 4, '$1346.73', '$90.60', '$198.37', 9, 'Nulla suscipit ligula in lacus. Curabitur at ipsum ac tellus semper interdum.');
insert into daily_tracker (id, userid, periodid, totalsales, tipout, cashowed, hours, note) values (144, 2, 5, '$1436.03', '$81.30', '$272.15', 7, 'Sed ante. Vivamus tortor.');
insert into daily_tracker (id, userid, periodid, totalsales, tipout, cashowed, hours, note) values (145, 2, 1, '$1696.58', '$150.62', '$142.89', 4, 'Vivamus vestibulum sagittis sapien. Cum sociis natoque penatibus et magnis dis parturient montes, nascetur ridiculus mus.');
insert into daily_tracker (id, userid, periodid, totalsales, tipout, cashowed, hours, note) values (146, 2, 2, '$2441.42', '$195.53', '$110.35', 4, 'Morbi odio odio, elementum eu, interdum eu, tincidunt in, leo.');
insert into daily_tracker (id, userid, periodid, totalsales, tipout, cashowed, hours, note) values (147, 2, 1, '$2880.02', '$122.38', '$295.99', 10, 'Integer a nibh. In quis justo.');
insert into daily_tracker (id, userid, periodid, totalsales, tipout, cashowed, hours, note) values (148, 2, 9, '$2245.69', '$196.66', '$143.81', 1, 'Cras mi pede, malesuada in, imperdiet et, commodo vulputate, justo.');
insert into daily_tracker (id, userid, periodid, totalsales, tipout, cashowed, hours, note) values (149, 2, 2, '$2601.07', '$134.30', '$266.26', 4, 'Cras in purus eu magna vulputate luctus. Cum sociis natoque penatibus et magnis dis parturient montes, nascetur ridiculus mus.');
insert into daily_tracker (id, userid, periodid, totalsales, tipout, cashowed, hours, note) values (150, 2, 7, '$1285.33', '$95.84', '$180.73', 9, 'Maecenas pulvinar lobortis est.');
